transaction_id,user_id,amount,transaction_type,date,hour,device_type,location,channel,status,balance_before,network_latency_ms,retry_count,customer_age,gender,is_international,currency,merchant_id,merchant_category,balance_after
TX100000,1102,3480.63,bill_payment,1/1/2024,11,android,Nairobi,ATM,success,8849.48,378,0,54,male,1,KES,668,services,5368.849999999999
TX100001,1435,705.26,transfer,1/2/2024,21,feature_phone,Nakuru,USSD,failed,9284.75,242,3,32,male,1,KES,621,utility,8579.49
TX100002,1860,3026.04,deposit,1/3/2024,6,feature_phone,Eldoret,USSD,pending,9949.59,435,3,61,male,1,KES,618,retail,6923.55
TX100003,1270,2703.81,bill_payment,1/4/2024,9,feature_phone,Eldoret,Agent,success,1821.56,60,3,53,male,0,KES,689,retail,-882.25
TX100004,1106,1023.28,deposit,1/5/2024,18,feature_phone,Mombasa,Agent,pending,4022.8,389,3,32,male,1,KES,613,retail,2999.5200000000004
TX100005,1071,4714.84,airtime_purchase,1/6/2024,6,ios,Nakuru,ATM,failed,7606.56,223,2,60,male,1,KES,509,utility,2891.7200000000003
TX100006,1700,2998.34,withdrawal,1/7/2024,2,android,Kisumu,Agent,success,6990.6,283,2,65,female,0,KES,648,services,3992.26
TX100007,1020,3476.98,airtime_purchase,1/8/2024,12,feature_phone,Nairobi,Agent,failed,1623.57,347,1,40,female,1,KES,663,services,-1853.41
TX100008,1614,4403.53,bill_payment,1/9/2024,12,feature_phone,Mombasa,Agent,failed,8176.75,197,3,23,female,0,KES,639,services,3773.2200000000003
TX100009,1121,3125.53,deposit,1/10/2024,17,feature_phone,Eldoret,USSD,success,2321.96,367,2,63,female,0,KES,590,finance,-803.57
TX100010,1466,1485.21,deposit,1/11/2024,19,android,Kisumu,ATM,success,2315.79,337,0,67,male,0,KES,501,finance,830.5799999999999
TX100011,1214,536.42,transfer,1/12/2024,7,ios,Kisumu,App,success,5416.05,103,3,61,male,1,KES,617,finance,4879.63
TX100012,1330,2288.11,deposit,1/13/2024,8,android,Nairobi,USSD,success,5970.11,337,1,60,female,1,KES,512,utility,3681.9999999999995
TX100013,1458,1100.02,transfer,1/14/2024,6,ios,Eldoret,Agent,success,5842.85,130,1,62,female,0,KES,680,finance,4742.83
TX100014,1087,2088.38,withdrawal,1/15/2024,0,feature_phone,Nakuru,USSD,success,1005.72,270,1,38,male,1,KES,659,utility,-1082.66
TX100015,1372,4417.57,bill_payment,1/16/2024,2,feature_phone,Kisumu,Agent,success,8786.86,402,0,40,female,1,KES,594,services,4369.290000000001
TX100016,1099,1628.48,transfer,1/17/2024,12,android,Nairobi,Agent,pending,2729.44,26,2,60,female,1,KES,643,finance,1100.96
TX100017,1871,619.22,withdrawal,1/18/2024,16,android,Nakuru,USSD,failed,1382.2,478,0,33,female,1,KES,531,finance,762.98
TX100018,1663,1787.93,deposit,1/19/2024,23,ios,Eldoret,ATM,success,8898.61,103,3,64,female,0,KES,531,retail,7110.68
TX100019,1130,4535.07,deposit,1/20/2024,0,ios,Kisumu,Agent,pending,9560.95,227,1,32,male,1,KES,623,utility,5025.880000000001
TX100020,1661,1367.94,withdrawal,1/21/2024,5,android,Nakuru,ATM,pending,8635.06,407,0,42,female,0,KES,510,services,7267.119999999999
TX100021,1308,3241.97,deposit,1/22/2024,20,ios,Nakuru,App,pending,8114.21,409,0,53,female,0,KES,509,retail,4872.24
TX100022,1769,12.6,withdrawal,1/23/2024,5,android,Nakuru,Agent,failed,6586.9,333,2,28,male,1,KES,514,retail,6574.299999999999
TX100023,1343,1769.32,transfer,1/24/2024,11,ios,Kisumu,ATM,success,5553.49,41,2,68,male,0,KES,516,services,3784.17
TX100024,1491,1530.86,transfer,1/25/2024,12,android,Kisumu,ATM,pending,961.17,429,1,32,female,1,KES,667,retail,-569.69
TX100025,1413,831.63,withdrawal,1/26/2024,12,android,Mombasa,App,failed,4143.69,402,0,21,male,1,KES,645,utility,3312.0599999999995
TX100026,1805,2675.11,transfer,1/27/2024,14,android,Eldoret,ATM,failed,3789.62,22,0,38,female,0,KES,682,utility,1114.5099999999998
TX100027,1385,2429.3,transfer,1/28/2024,20,ios,Nairobi,ATM,failed,2671.56,146,2,30,female,0,KES,652,finance,242.25999999999976
TX100028,1191,3465.26,transfer,1/29/2024,15,ios,Nakuru,App,pending,7261.86,316,0,39,male,0,KES,558,retail,3796.5999999999995
TX100029,1955,1354.37,airtime_purchase,1/30/2024,21,ios,Mombasa,Agent,success,5009.17,207,0,36,female,0,KES,577,finance,3654.8
TX100030,1276,1228.19,bill_payment,1/31/2024,20,android,Nairobi,ATM,pending,902.36,381,0,51,female,1,KES,623,retail,-325.83
TX100031,1160,849.77,deposit,2/1/2024,10,ios,Mombasa,ATM,pending,2279.81,33,2,31,female,1,KES,613,utility,1430.04
TX100032,1459,1101.63,airtime_purchase,2/2/2024,4,ios,Kisumu,ATM,success,6864.26,478,1,21,female,1,KES,521,utility,5762.63
TX100033,1313,2794.93,transfer,2/3/2024,3,android,Nakuru,USSD,success,853.7,485,3,65,male,0,KES,657,utility,-1941.23
TX100034,1021,2025.14,withdrawal,2/4/2024,2,feature_phone,Nairobi,App,success,8526.95,31,1,69,male,0,KES,671,retail,6501.81
TX100035,1252,333.81,transfer,2/5/2024,18,android,Nairobi,USSD,failed,5001.95,106,3,63,female,0,KES,531,utility,4668.139999999999
TX100036,1747,1277.04,bill_payment,2/6/2024,19,ios,Nairobi,App,success,4857.81,31,0,44,male,1,KES,678,retail,3580.7700000000004
TX100037,1856,1241.91,transfer,2/7/2024,17,android,Nairobi,Agent,pending,5964.84,416,1,46,female,0,KES,673,finance,4722.93
TX100038,1560,3484.56,withdrawal,2/8/2024,14,feature_phone,Nairobi,Agent,success,8264.34,44,3,64,female,1,KES,612,retail,4779.780000000001
TX100039,1474,3564.23,bill_payment,2/9/2024,8,android,Mombasa,ATM,pending,3543.31,320,2,45,female,0,KES,619,finance,-20.92
TX100040,1058,748.95,transfer,2/10/2024,16,ios,Nakuru,App,failed,6812.36,262,2,52,female,1,KES,648,retail,6063.41
TX100041,1510,4988.73,bill_payment,2/11/2024,13,feature_phone,Kisumu,Agent,pending,5700.75,141,1,25,female,1,KES,621,finance,712.0200000000004
TX100042,1681,1341.24,deposit,2/12/2024,14,ios,Kisumu,App,pending,2743.58,166,1,33,male,0,KES,531,utility,1402.34
TX100043,1475,4883.31,deposit,2/13/2024,0,feature_phone,Kisumu,Agent,success,8798.44,74,0,59,female,0,KES,618,finance,3915.13
TX100044,1699,2061.07,transfer,2/14/2024,20,feature_phone,Kisumu,USSD,success,7994.52,257,1,53,male,1,KES,538,utility,5933.450000000001
TX100045,1975,174.92,bill_payment,2/15/2024,21,android,Mombasa,Agent,pending,6618.67,375,0,47,male,1,KES,511,utility,6443.75
TX100046,1782,1731.91,withdrawal,2/16/2024,21,android,Eldoret,USSD,success,8520.76,192,0,35,female,0,KES,674,finance,6788.85
TX100047,1189,3175.41,transfer,2/17/2024,2,ios,Nakuru,Agent,failed,8686.21,411,2,19,female,0,KES,517,retail,5510.799999999999
TX100048,1957,3406.72,deposit,2/18/2024,15,android,Nairobi,ATM,failed,7112.79,240,2,66,female,1,KES,648,retail,3706.07
TX100049,1686,2659.36,deposit,2/19/2024,22,android,Eldoret,USSD,success,8386.43,138,3,30,female,0,KES,640,services,5727.07
TX100050,1957,2244.44,transfer,2/20/2024,10,feature_phone,Kisumu,Agent,failed,7004.97,328,2,21,female,1,KES,648,retail,4760.530000000001
TX100051,1562,2768.94,bill_payment,2/21/2024,11,android,Eldoret,ATM,success,6833.39,202,2,43,male,1,KES,625,services,4064.4500000000003
TX100052,1875,2967.56,deposit,2/22/2024,9,feature_phone,Nakuru,USSD,pending,6224.25,307,1,42,female,0,KES,635,retail,3256.69
TX100053,1566,413.46,bill_payment,2/23/2024,15,feature_phone,Nairobi,ATM,pending,7551.89,326,2,47,female,0,KES,545,retail,7138.43
TX100054,1243,1854.58,deposit,2/24/2024,7,feature_phone,Nairobi,App,failed,1670.19,319,3,28,male,0,KES,603,utility,-184.39
TX100055,1831,1218.38,deposit,2/25/2024,5,ios,Nakuru,App,success,8820.62,101,1,24,male,0,KES,634,services,7602.240000000001
TX100056,1504,4017.67,airtime_purchase,2/26/2024,11,ios,Nakuru,USSD,success,8731.25,473,3,48,female,0,KES,650,retail,4713.58
TX100057,1130,2356.8,deposit,2/27/2024,23,ios,Kisumu,Agent,failed,389.55,421,2,61,male,1,KES,585,services,-1967.25
TX100058,1484,4917.28,withdrawal,2/28/2024,20,feature_phone,Nairobi,USSD,pending,8275.59,230,3,27,female,1,KES,649,utility,3358.3100000000004
TX100059,1818,2000.13,transfer,2/29/2024,7,ios,Eldoret,ATM,failed,1375.81,169,1,56,male,0,KES,588,utility,-624.32
TX100060,1646,4084,transfer,3/1/2024,3,ios,Mombasa,Agent,pending,3417.68,56,0,30,male,0,KES,521,services,-666.32
TX100061,1020,3993.74,bill_payment,3/2/2024,7,android,Mombasa,App,success,7460.73,371,3,48,female,0,KES,591,utility,3466.99
TX100062,1840,762.08,deposit,3/3/2024,17,ios,Nakuru,Agent,pending,1691.52,331,3,24,male,1,KES,528,finance,929.4399999999999
TX100063,1166,2545.91,withdrawal,3/4/2024,4,ios,Kisumu,App,failed,8197.87,380,1,66,male,0,KES,512,finance,5651.960000000001
TX100064,1273,3482.11,bill_payment,3/5/2024,8,feature_phone,Mombasa,Agent,success,8338.13,78,1,59,male,0,KES,501,utility,4856.019999999999
TX100065,1387,4293.21,airtime_purchase,3/6/2024,3,feature_phone,Nairobi,Agent,failed,5123.93,150,3,59,male,1,KES,528,finance,830.7200000000003
TX100066,1600,1636.53,bill_payment,3/7/2024,21,feature_phone,Nakuru,Agent,failed,163.22,431,2,53,male,1,KES,679,retail,-1473.31
TX100067,1315,1109,bill_payment,3/8/2024,16,feature_phone,Eldoret,ATM,pending,2941.68,221,3,37,male,0,KES,526,services,1832.6799999999998
TX100068,1013,3558.64,deposit,3/9/2024,8,feature_phone,Nakuru,ATM,failed,6207.58,262,1,21,female,0,KES,549,retail,2648.94
TX100069,1241,4049.41,airtime_purchase,3/10/2024,0,feature_phone,Eldoret,USSD,pending,9813.74,54,0,24,female,0,KES,594,services,5764.33
TX100070,1776,1749.84,bill_payment,3/11/2024,20,ios,Nakuru,USSD,success,6354.95,464,0,18,male,1,KES,650,utility,4605.11
TX100071,1345,489.92,withdrawal,3/12/2024,19,feature_phone,Nakuru,App,pending,2672.06,112,2,61,female,0,KES,587,retail,2182.14
TX100072,1564,4703.21,withdrawal,3/13/2024,12,feature_phone,Nakuru,ATM,success,6376.66,457,3,62,female,0,KES,543,utility,1673.4499999999998
TX100073,1897,1993.88,transfer,3/14/2024,15,android,Eldoret,App,pending,5445.86,466,0,59,female,0,KES,521,utility,3451.9799999999996
TX100074,1339,2593.58,airtime_purchase,3/15/2024,12,ios,Eldoret,USSD,failed,7820.47,226,3,64,male,1,KES,670,services,5226.89
TX100075,1091,4190.17,airtime_purchase,3/16/2024,13,ios,Nakuru,App,pending,1159.11,372,1,30,female,1,KES,664,services,-3031.06
TX100076,1366,3381.69,transfer,3/17/2024,2,ios,Mombasa,USSD,pending,7634.18,410,0,39,male,0,KES,688,services,4252.49
TX100077,1955,3678.73,bill_payment,3/18/2024,5,feature_phone,Kisumu,ATM,success,5458.54,351,2,38,female,0,KES,596,retail,1779.81
TX100078,1454,1053.27,airtime_purchase,3/19/2024,17,feature_phone,Kisumu,Agent,failed,9633.62,324,1,39,male,1,KES,683,finance,8580.35
TX100079,1427,2711.83,withdrawal,3/20/2024,18,feature_phone,Kisumu,ATM,pending,3484.53,369,2,45,male,1,KES,502,services,772.7000000000003
TX100080,1508,3481.96,withdrawal,3/21/2024,4,android,Eldoret,App,failed,6362.96,232,1,26,female,1,KES,690,services,2881
TX100081,1775,1150.46,deposit,3/22/2024,14,feature_phone,Eldoret,App,pending,9327.08,178,0,43,female,1,KES,617,retail,8176.62
TX100082,1942,883.03,airtime_purchase,3/23/2024,1,android,Mombasa,ATM,pending,1114.85,461,2,26,male,1,KES,518,services,231.81999999999994
TX100083,1034,4911.02,bill_payment,3/24/2024,9,ios,Kisumu,ATM,failed,9378.56,464,2,32,female,1,KES,522,retail,4467.539999999999
TX100084,1205,2588.01,transfer,3/25/2024,23,feature_phone,Kisumu,USSD,pending,6910.07,43,1,27,female,1,KES,656,utility,4322.0599999999995
TX100085,1080,1311.54,transfer,3/26/2024,17,android,Nakuru,App,failed,771.59,423,2,41,female,1,KES,529,services,-539.95
TX100086,1931,4981.31,bill_payment,3/27/2024,12,android,Eldoret,App,pending,3079.54,312,1,59,male,1,KES,538,services,-1901.77
TX100087,1561,4827.44,deposit,3/28/2024,4,feature_phone,Kisumu,ATM,success,7110.9,23,1,25,male,0,KES,607,utility,2283.46
TX100088,1871,2795.88,transfer,3/29/2024,22,ios,Mombasa,Agent,failed,766.77,239,1,41,female,0,KES,610,utility,-2029.11
TX100089,1387,4414.36,airtime_purchase,3/30/2024,23,ios,Mombasa,App,pending,5863.49,383,1,33,female,0,KES,524,utility,1449.13
TX100090,1001,951.65,deposit,3/31/2024,0,ios,Kisumu,Agent,pending,3524.24,401,0,66,female,1,KES,627,services,2572.5899999999997
TX100091,1389,1401.57,airtime_purchase,4/1/2024,21,android,Eldoret,ATM,success,6247.06,39,1,43,male,0,KES,610,finance,4845.490000000001
TX100092,1565,3504.79,withdrawal,4/2/2024,0,android,Mombasa,ATM,failed,552.85,463,3,44,male,1,KES,635,finance,-2951.94
TX100093,1105,4234.84,deposit,4/3/2024,17,android,Nakuru,USSD,pending,8728.21,171,2,54,female,1,KES,605,finance,4493.369999999999
TX100094,1771,4283.06,transfer,4/4/2024,14,android,Mombasa,App,success,9737.54,69,3,21,female,0,KES,685,services,5454.4800000000005
TX100095,1821,2028.5,deposit,4/5/2024,16,ios,Nairobi,Agent,pending,9691.89,196,0,67,female,1,KES,643,utility,7663.389999999999
TX100096,1476,4439.97,deposit,4/6/2024,10,feature_phone,Nairobi,USSD,failed,7521.55,454,3,41,female,0,KES,571,services,3081.58
TX100097,1702,4256.13,deposit,4/7/2024,20,android,Eldoret,App,pending,1387.85,115,2,36,female,0,KES,628,utility,-2868.28
TX100098,1401,4678.82,deposit,4/8/2024,21,android,Kisumu,USSD,pending,7606.81,124,3,53,female,0,KES,607,services,2927.9900000000007
TX100099,1729,3928.85,airtime_purchase,4/9/2024,16,ios,Eldoret,ATM,pending,343.41,439,0,56,male,1,KES,504,services,-3585.44
TX100100,1555,3348.25,withdrawal,4/10/2024,12,feature_phone,Eldoret,App,pending,319.02,269,1,27,female,0,KES,502,utility,-3029.23
TX100101,1161,2907.63,bill_payment,4/11/2024,0,feature_phone,Eldoret,USSD,success,3303.74,136,3,42,male,1,KES,692,finance,396.1099999999997
TX100102,1201,1867.69,deposit,4/12/2024,1,ios,Eldoret,USSD,success,4937.57,373,0,35,female,0,KES,631,utility,3069.8799999999997
TX100103,1957,4701.27,transfer,4/13/2024,8,ios,Nakuru,Agent,failed,7727.03,247,0,36,female,0,KES,603,retail,3025.7599999999993
TX100104,1995,4868.58,deposit,4/14/2024,2,feature_phone,Nakuru,USSD,success,6864.62,85,2,53,male,0,KES,563,retail,1996.04
TX100105,1269,1426.77,transfer,4/15/2024,0,android,Mombasa,App,success,4514.44,354,2,27,male,1,KES,605,utility,3087.6699999999996
TX100106,1862,1533.77,airtime_purchase,4/16/2024,20,feature_phone,Nairobi,App,failed,2808.9,437,3,50,male,1,KES,597,services,1275.13
TX100107,1815,2433.21,transfer,4/17/2024,15,ios,Eldoret,Agent,success,9971.53,439,1,67,male,1,KES,509,retail,7538.320000000001
TX100108,1270,2247.64,bill_payment,4/18/2024,22,android,Mombasa,App,success,4319.19,281,0,22,female,0,KES,648,retail,2071.5499999999997
TX100109,1455,4972.34,withdrawal,4/19/2024,5,android,Nairobi,ATM,failed,4568.73,314,3,64,male,0,KES,627,services,-403.61
TX100110,1461,887.87,transfer,4/20/2024,16,ios,Kisumu,App,failed,1719.88,445,0,66,female,1,KES,545,services,832.0100000000001
TX100111,1726,100.2,transfer,4/21/2024,4,ios,Nakuru,App,failed,7968.61,262,0,52,male,1,KES,654,finance,7868.41
TX100112,1251,2474.53,withdrawal,4/22/2024,4,ios,Nairobi,USSD,pending,6967.45,390,1,61,female,1,KES,565,services,4492.92
TX100113,1701,902.33,bill_payment,4/23/2024,5,feature_phone,Kisumu,USSD,pending,2285.62,205,1,51,female,1,KES,668,utility,1383.29
TX100114,1295,1838.68,deposit,4/24/2024,2,feature_phone,Nairobi,App,failed,915.57,265,3,50,female,1,KES,611,utility,-923.11
TX100115,1724,3723.41,transfer,4/25/2024,20,android,Nakuru,Agent,failed,6836.94,144,1,38,female,1,KES,512,finance,3113.5299999999997
TX100116,1719,3607.49,withdrawal,4/26/2024,22,ios,Nakuru,USSD,failed,6579.66,287,1,34,female,0,KES,636,retail,2972.17
TX100117,1748,1547.22,airtime_purchase,4/27/2024,4,android,Mombasa,Agent,pending,2805.27,150,3,39,female,1,KES,663,retail,1258.05
TX100118,1337,2717.28,withdrawal,4/28/2024,20,android,Eldoret,App,pending,9513.55,256,1,65,male,0,KES,585,services,6796.269999999999
TX100119,1878,2548.98,airtime_purchase,4/29/2024,4,android,Nairobi,App,success,1595.47,37,2,54,female,0,KES,589,utility,-953.51
TX100120,1052,3185.3,bill_payment,4/30/2024,9,android,Nairobi,ATM,success,4380.11,59,0,32,male,1,KES,557,retail,1194.8099999999995
TX100121,1791,1259.8,deposit,5/1/2024,9,ios,Kisumu,USSD,failed,9441.8,40,0,52,male,1,KES,553,finance,8181.999999999999
TX100122,1921,2953.46,withdrawal,5/2/2024,18,android,Nakuru,App,pending,4255.3,418,0,45,female,0,KES,511,finance,1301.8400000000001
TX100123,1216,4894.68,transfer,5/3/2024,16,ios,Nairobi,ATM,pending,6421.41,244,0,24,male,1,KES,513,utility,1526.7299999999996
TX100124,1763,2438.84,bill_payment,5/4/2024,20,ios,Nakuru,USSD,pending,4036.18,374,3,49,female,1,KES,620,finance,1597.3399999999997
TX100125,1187,4531.43,withdrawal,5/5/2024,13,feature_phone,Nairobi,App,failed,2814.73,301,0,28,male,0,KES,661,finance,-1716.7
TX100126,1379,2177.63,transfer,5/6/2024,8,ios,Mombasa,App,success,9841.38,27,0,27,female,0,KES,680,utility,7663.749999999999
TX100127,1492,1756.89,withdrawal,5/7/2024,13,feature_phone,Eldoret,USSD,failed,4152.41,119,0,26,male,0,KES,620,services,2395.5199999999995
TX100128,1040,3229.07,airtime_purchase,5/8/2024,0,ios,Nairobi,USSD,success,8951.58,259,0,31,female,1,KES,519,services,5722.51
TX100129,1156,3347.93,withdrawal,5/9/2024,18,ios,Nakuru,USSD,success,2376.55,497,2,30,female,0,KES,574,finance,-971.38
TX100130,1014,4322.2,withdrawal,5/10/2024,12,ios,Mombasa,App,failed,2209.74,106,0,42,female,1,KES,643,services,-2112.46
TX100131,1812,1158.62,withdrawal,5/11/2024,12,feature_phone,Nairobi,App,success,408.23,317,2,19,female,0,KES,569,services,-750.39
TX100132,1064,2500.97,bill_payment,5/12/2024,3,feature_phone,Kisumu,ATM,success,6551.5,447,3,52,male,0,KES,555,finance,4050.53
TX100133,1856,2864.3,withdrawal,5/13/2024,0,android,Eldoret,Agent,pending,3748.41,33,1,24,female,0,KES,600,services,884.1099999999997
TX100134,1838,3845.08,transfer,5/14/2024,16,feature_phone,Nairobi,USSD,success,8657.15,353,0,38,male,1,KES,685,finance,4812.07
TX100135,1520,227.58,airtime_purchase,5/15/2024,7,feature_phone,Mombasa,App,failed,4784.78,21,1,35,male,1,KES,631,retail,4557.2
TX100136,1343,4972.81,airtime_purchase,5/16/2024,1,feature_phone,Kisumu,App,failed,9685.11,394,1,20,male,0,KES,610,utility,4712.3
TX100137,1128,2355.02,withdrawal,5/17/2024,7,feature_phone,Mombasa,USSD,success,1936.7,312,3,59,female,0,KES,624,utility,-418.32
TX100138,1647,1405.01,bill_payment,5/18/2024,6,android,Mombasa,Agent,pending,8699.37,344,1,56,male,0,KES,631,services,7294.360000000001
TX100139,1471,4418.64,bill_payment,5/19/2024,1,feature_phone,Kisumu,USSD,pending,7788.31,441,2,58,male,1,KES,519,services,3369.67
TX100140,1062,3741.12,transfer,5/20/2024,21,ios,Mombasa,Agent,success,7732.13,60,1,66,male,0,KES,637,services,3991.01
TX100141,1138,4765.83,withdrawal,5/21/2024,21,ios,Kisumu,App,success,8463.35,337,1,28,female,1,KES,523,utility,3697.5200000000004
TX100142,1498,1660.44,airtime_purchase,5/22/2024,2,feature_phone,Nairobi,Agent,failed,7634.14,335,1,56,female,0,KES,653,retail,5973.700000000001
TX100143,1592,2768.3,bill_payment,5/23/2024,17,feature_phone,Kisumu,ATM,success,6299.58,400,0,41,male,0,KES,536,retail,3531.2799999999997
TX100144,1391,2865.74,withdrawal,5/24/2024,11,ios,Kisumu,App,pending,1399.32,130,0,63,female,0,KES,553,utility,-1466.42
TX100145,1674,4901.85,bill_payment,5/25/2024,0,ios,Eldoret,ATM,success,422.01,33,2,36,female,0,KES,602,retail,-4479.84
TX100146,1418,385.98,bill_payment,5/26/2024,21,android,Kisumu,USSD,failed,9216.39,250,2,21,male,0,KES,648,utility,8830.41
TX100147,1288,1535.43,airtime_purchase,5/27/2024,11,ios,Kisumu,USSD,failed,6204.84,492,0,43,male,0,KES,537,retail,4669.41
TX100148,1378,962.65,deposit,5/28/2024,4,ios,Nairobi,USSD,failed,7985.72,103,2,55,female,1,KES,673,finance,7023.070000000001
TX100149,1772,1349.69,transfer,5/29/2024,16,feature_phone,Eldoret,Agent,failed,4867.07,149,0,59,male,0,KES,503,finance,3517.3799999999997
TX100150,1489,2431.55,transfer,5/30/2024,15,ios,Nakuru,App,failed,1261.35,250,3,49,female,1,KES,687,utility,-1170.2
TX100151,1230,1869.71,airtime_purchase,5/31/2024,14,android,Nairobi,USSD,success,1339.34,345,1,56,female,0,KES,556,retail,-530.37
TX100152,1040,1979.51,bill_payment,6/1/2024,22,ios,Nairobi,USSD,success,6887.1,164,1,62,female,0,KES,672,services,4907.59
TX100153,1027,4222.62,withdrawal,6/2/2024,14,feature_phone,Nakuru,App,success,4360.03,398,2,63,female,1,KES,519,retail,137.40999999999985
TX100154,1134,4650.78,bill_payment,6/3/2024,4,feature_phone,Kisumu,USSD,success,2085.19,364,0,53,female,0,KES,516,finance,-2565.59
TX100155,1200,361.38,airtime_purchase,6/4/2024,20,ios,Mombasa,ATM,failed,4966.79,47,0,57,female,1,KES,618,finance,4605.41
TX100156,1839,1052.5,transfer,6/5/2024,13,feature_phone,Eldoret,App,pending,735.67,85,2,54,male,1,KES,570,retail,-316.83
TX100157,1779,3359.01,bill_payment,6/6/2024,1,android,Mombasa,App,success,5861.52,182,0,50,male,0,KES,503,retail,2502.51
TX100158,1929,1799.65,transfer,6/7/2024,10,android,Nakuru,App,pending,2763.03,248,3,53,female,1,KES,513,services,963.3800000000001
TX100159,1032,1278.28,withdrawal,6/8/2024,18,ios,Nairobi,ATM,success,7995.84,280,1,20,female,1,KES,502,services,6717.56
TX100160,1047,1483.5,transfer,6/9/2024,6,ios,Nairobi,App,success,3172.58,468,2,26,female,0,KES,579,retail,1689.08
TX100161,1502,1619.53,transfer,6/10/2024,5,ios,Eldoret,ATM,pending,4606.68,443,2,25,male,1,KES,685,retail,2987.1500000000005
TX100162,1406,4244.86,deposit,6/11/2024,1,feature_phone,Nairobi,App,failed,215.04,479,0,50,female,0,KES,554,retail,-4029.82
TX100163,1573,691.74,deposit,6/12/2024,5,android,Nairobi,Agent,success,817.22,459,2,23,male,0,KES,631,retail,125.48000000000002
TX100164,1727,3547.47,deposit,6/13/2024,17,android,Eldoret,USSD,success,3985.69,183,3,58,female,0,KES,619,utility,438.22000000000025
TX100165,1804,2768.57,transfer,6/14/2024,1,feature_phone,Eldoret,Agent,success,4851.39,320,0,56,female,0,KES,523,retail,2082.82
TX100166,1098,1489.59,airtime_purchase,6/15/2024,17,android,Nakuru,USSD,pending,6040.2,426,0,21,male,1,KES,661,services,4550.61
TX100167,1683,2104.71,transfer,6/16/2024,14,ios,Nairobi,ATM,failed,2987.46,322,0,30,male,0,KES,657,finance,882.75
TX100168,1871,1288.47,airtime_purchase,6/17/2024,18,ios,Nairobi,Agent,pending,6980.32,306,0,66,female,0,KES,581,utility,5691.849999999999
TX100169,1725,3061.45,airtime_purchase,6/18/2024,1,ios,Nakuru,App,pending,8615.21,414,3,19,female,1,KES,646,retail,5553.759999999999
TX100170,1986,417.15,deposit,6/19/2024,19,android,Kisumu,USSD,failed,7820.52,29,0,22,female,0,KES,658,finance,7403.370000000001
TX100171,1546,35.87,bill_payment,6/20/2024,5,ios,Kisumu,USSD,pending,492.23,214,2,61,male,0,KES,687,utility,456.36
TX100172,1960,3143.19,withdrawal,6/21/2024,0,feature_phone,Kisumu,Agent,failed,4857.02,137,3,44,male,1,KES,559,finance,1713.8300000000004
TX100173,1738,979.43,deposit,6/22/2024,23,feature_phone,Nakuru,ATM,success,1138.81,289,1,49,male,1,KES,646,retail,159.38
TX100174,1612,364,deposit,6/23/2024,14,android,Nairobi,Agent,failed,2496.25,99,1,38,male,1,KES,548,retail,2132.25
TX100175,1942,1989.95,bill_payment,6/24/2024,22,feature_phone,Nakuru,ATM,success,9867.96,477,2,25,male,1,KES,562,services,7878.009999999999
TX100176,1461,263.33,withdrawal,6/25/2024,9,feature_phone,Nakuru,ATM,pending,1510.71,112,2,55,male,1,KES,609,retail,1247.38
TX100177,1642,4434.22,transfer,6/26/2024,18,android,Kisumu,USSD,pending,5038.99,285,3,25,female,1,KES,649,retail,604.7699999999995
TX100178,1768,147.81,transfer,6/27/2024,16,ios,Mombasa,Agent,success,6219.74,351,1,67,female,1,KES,651,utility,6071.929999999999
TX100179,1004,2898.54,deposit,6/28/2024,4,ios,Nairobi,Agent,pending,7054.4,369,1,20,male,0,KES,608,services,4155.86
TX100180,1217,2197.99,withdrawal,6/29/2024,3,ios,Kisumu,ATM,failed,5640.52,380,1,61,female,1,KES,575,utility,3442.5300000000007
TX100181,1502,3363.41,deposit,6/30/2024,9,android,Mombasa,Agent,success,196.73,276,1,20,female,1,KES,529,finance,-3166.68
TX100182,1766,1647.48,airtime_purchase,7/1/2024,23,feature_phone,Mombasa,App,pending,3331.97,152,1,39,male,1,KES,557,retail,1684.4899999999998
TX100183,1397,783.66,deposit,7/2/2024,16,ios,Eldoret,App,success,5225.35,295,0,23,female,0,KES,616,finance,4441.6900000000005
TX100184,1870,4909.39,deposit,7/3/2024,9,ios,Nairobi,Agent,failed,969.88,283,2,19,male,0,KES,658,utility,-3939.51
TX100185,1794,4196.28,transfer,7/4/2024,16,android,Mombasa,Agent,failed,3571.21,190,0,40,male,1,KES,599,retail,-625.07
TX100186,1392,4303.42,transfer,7/5/2024,19,ios,Kisumu,ATM,pending,428.71,479,1,61,female,1,KES,691,retail,-3874.71
TX100187,1206,1258.75,transfer,7/6/2024,23,android,Eldoret,App,failed,877.93,20,3,19,male,1,KES,518,utility,-380.82
TX100188,1014,203.79,airtime_purchase,7/7/2024,4,feature_phone,Nairobi,App,success,4029.54,332,3,55,male,0,KES,675,utility,3825.75
TX100189,1857,1523.29,transfer,7/8/2024,1,android,Nakuru,USSD,failed,1413.89,83,1,34,male,0,KES,672,utility,-109.4
TX100190,1553,2690.04,withdrawal,7/9/2024,5,android,Kisumu,ATM,success,5718.65,393,1,52,male,1,KES,593,utility,3028.6099999999997
TX100191,1891,1639.99,bill_payment,7/10/2024,20,android,Mombasa,USSD,success,6925.7,487,3,51,male,0,KES,682,utility,5285.71
TX100192,1460,4141.07,withdrawal,7/11/2024,1,android,Mombasa,App,failed,8025.81,303,0,40,male,1,KES,612,retail,3884.7400000000007
TX100193,1690,1365,withdrawal,7/12/2024,12,feature_phone,Kisumu,ATM,pending,2081.49,140,0,47,male,0,KES,682,utility,716.4899999999998
TX100194,1574,4826.61,transfer,7/13/2024,10,feature_phone,Mombasa,Agent,failed,1758.08,126,1,69,male,0,KES,645,retail,-3068.53
TX100195,1863,2291.75,bill_payment,7/14/2024,10,ios,Eldoret,ATM,success,1135.22,440,0,25,female,1,KES,562,retail,-1156.53
TX100196,1742,4211.7,bill_payment,7/15/2024,15,feature_phone,Nairobi,Agent,success,6400.66,194,3,39,female,1,KES,615,utility,2188.96
TX100197,1240,979.96,bill_payment,7/16/2024,10,feature_phone,Eldoret,Agent,failed,7094.11,223,0,61,female,1,KES,612,utility,6114.15
TX100198,1563,2062.66,airtime_purchase,7/17/2024,18,ios,Mombasa,ATM,pending,412.7,184,1,53,male,1,KES,546,services,-1649.96
TX100199,1095,3500.57,transfer,7/18/2024,14,feature_phone,Nakuru,Agent,pending,9368.5,324,3,22,male,0,KES,556,retail,5867.93
